{"stats":{"minecraft:used":{"minecraft:iron_axe":118,"minecraft:birch_log":1},"minecraft:picked_up":{"minecraft:birch_log":2,"minecraft:dark_oak_sapling":1,"minecraft:crafting_table":1,"minecraft:beef":3,"minecraft:oak_log":4,"minecraft:shield":1,"minecraft:black_wool":1,"minecraft:mutton":3,"minecraft:dark_oak_log":105,"minecraft:white_wool":1},"minecraft:mined":{"minecraft:short_grass":4,"minecraft:oak_log":4,"minecraft:dark_oak_leaves":2,"minecraft:birch_log":2,"minecraft:dark_oak_log":99,"minecraft:oak_leaves":2,"minecraft:crafting_table":1},"minecraft:killed":{"minecraft:sheep":3,"minecraft:cow":1},"minecraft:custom":{"minecraft:time_since_rest":34342,"minecraft:crouch_one_cm":5532,"minecraft:sprint_one_cm":16774,"minecraft:play_time":34342,"minecraft:damage_taken":40,"minecraft:walk_one_cm":8218,"minecraft:sneak_time":1919,"minecraft:mob_kills":4,"minecraft:drop":1,"minecraft:jump":271,"minecraft:damage_dealt":350,"minecraft:leave_game":6,"minecraft:time_since_death":34342,"minecraft:total_world_time":34342,"minecraft:fall_one_cm":3583,"minecraft:fly_one_cm":128877},"minecraft:dropped":{"minecraft:shield":1}},"DataVersion":3953}